{"cameraMode":{"drawMode":0,"name":"Shaded","section":"Shading Mode"},"sceneLighting":false,"audioPlay":false,"sceneViewState":{"showFog":true,"showMaterialUpdate":true,"showSkybox":true,"showFlares":true,"showImageEffects":true,"showParticleSystems":true},"in2DMode":false,"pivot":{"x":16.855566024780275,"y":140.8400115966797,"z":159.41644287109376},"rotation":{"x":0.046527255326509479,"y":-0.7606944441795349,"z":0.05487401410937309,"w":0.6452535390853882},"size":8.004825592041016,"orthographic":false}